id,movie_id,viewer_id,rating,sentiment,review_text,created_at
1,13,288,3.8,neutral,,2025-03-20T14:52:22
2,8,66,3.0,neutral,,2025-02-08T04:25:07
3,11,136,4.4,positive,,2025-02-20T22:52:11
4,9,64,3.9,neutral,,2025-04-06T21:13:45
5,11,126,5.0,positive,,2025-03-22T03:17:01
6,14,186,3.1,neutral,,2025-03-03T13:22:24
7,12,65,2.5,negative,,2025-01-14T22:42:48
8,13,272,4.5,positive,,2025-04-17T04:58:24
9,3,110,4.6,positive,,2025-01-16T20:20:09
10,9,204,3.9,neutral,,2025-02-25T19:30:24
11,2,115,4.1,positive,,2025-01-06T15:24:34
12,3,98,4.5,positive,,2025-03-22T06:51:47
13,5,224,4.4,positive,,2025-04-28T23:23:29
14,4,217,3.4,neutral,,2025-04-09T09:35:35
15,4,34,3.8,neutral,,2025-03-22T08:34:26
16,14,237,4.3,positive,,2025-03-26T09:07:42
17,5,116,4.6,positive,,2025-04-23T02:54:11
18,11,35,4.3,positive,,2025-04-21T23:41:12
19,12,176,3.0,neutral,,2025-01-28T04:02:13
20,13,274,4.4,positive,,2025-01-29T23:15:08
21,15,233,4.6,positive,,2025-01-20T17:57:05
22,3,195,4.0,positive,,2025-04-27T23:52:02
23,4,291,3.7,neutral,,2025-03-04T07:24:02
24,14,85,3.9,neutral,,2025-02-06T05:09:12
25,6,132,3.4,neutral,,2025-02-20T03:00:40
26,5,267,4.8,positive,,2025-02-24T01:32:11
27,13,220,4.9,positive,,2025-04-16T06:30:08
28,7,260,3.9,neutral,,2025-01-22T22:27:28
29,14,159,4.0,positive,,2025-02-13T05:13:05
30,4,24,4.0,positive,,2025-03-24T17:42:11
31,5,13,4.9,positive,,2025-03-04T05:31:11
32,9,256,4.1,positive,,2025-04-03T23:50:55
33,2,179,4.4,positive,,2025-04-26T07:27:30
34,11,29,4.0,positive,,2025-03-17T11:16:13
35,12,272,3.5,neutral,,2025-04-03T23:52:43
36,15,27,3.7,neutral,,2025-02-03T08:19:18
37,15,78,4.0,positive,,2025-01-04T01:41:11
38,12,137,3.1,neutral,,2025-03-17T18:20:24
39,4,92,3.8,neutral,,2025-03-19T01:23:39
40,7,12,4.1,positive,,2025-02-12T00:19:47
41,3,38,4.7,positive,,2025-04-14T22:09:14
42,13,4,4.6,positive,,2025-02-04T00:32:00
43,10,291,4.2,positive,,2025-04-06T02:11:41
44,8,117,4.4,positive,,2025-03-30T10:11:29
45,15,184,4.2,positive,,2025-04-05T22:16:30
46,14,297,3.5,neutral,,2025-03-03T07:57:15
47,13,75,3.9,neutral,,2025-02-19T11:42:52
48,12,232,3.4,neutral,,2025-02-22T07:38:44
49,11,111,4.4,positive,,2025-03-18T00:35:07
50,15,234,4.2,positive,,2025-01-03T07:13:20
51,4,182,3.9,neutral,,2025-03-18T07:15:20
52,11,238,3.9,neutral,,2025-03-25T17:01:07
53,2,285,4.5,positive,,2025-02-26T15:15:03
54,12,83,3.2,neutral,,2025-02-09T20:42:12
55,4,22,4.1,positive,,2025-03-12T04:40:58
56,7,128,4.1,positive,,2025-01-07T05:28:21
57,12,296,3.6,neutral,,2025-02-02T06:12:50
58,11,130,4.1,positive,,2025-04-19T11:21:19
59,3,88,4.2,positive,,2025-01-22T11:34:33
60,1,242,4.4,positive,,2025-04-12T07:18:34
61,9,226,4.1,positive,,2025-02-14T13:40:36
62,12,219,3.2,neutral,,2025-03-10T13:45:37
63,13,77,4.6,positive,,2025-02-05T16:59:55
64,1,242,4.2,positive,,2025-01-26T23:14:49
65,1,12,4.8,positive,,2025-04-17T21:06:40
66,5,71,4.5,positive,,2025-04-16T18:48:43
67,8,224,3.9,neutral,,2025-02-01T02:25:35
68,8,221,4.5,positive,,2025-02-10T15:35:52
69,11,168,4.2,positive,,2025-03-10T15:20:51
70,6,47,3.3,neutral,,2025-01-04T18:48:10
71,1,17,5.0,positive,,2025-04-10T16:00:00
72,2,156,4.0,positive,,2025-04-15T10:10:19
73,13,220,4.2,positive,,2025-02-03T13:51:26
74,4,25,4.2,positive,,2025-01-03T11:57:17
75,4,69,2.8,negative,,2025-01-26T01:11:33
76,4,165,4.7,positive,,2025-01-08T10:25:38
77,3,2,4.5,positive,,2025-02-06T23:19:53
78,11,140,3.8,neutral,,2025-01-28T15:22:40
79,15,234,4.2,positive,,2025-03-06T06:04:40
80,13,105,3.9,neutral,,2025-04-22T12:30:17
81,2,73,4.9,positive,,2025-04-19T18:58:28
82,1,58,4.3,positive,,2025-03-22T16:34:12
83,12,219,2.8,negative,,2025-04-29T21:08:05
84,7,286,4.2,positive,,2025-04-02T12:09:46
85,12,106,3.0,neutral,,2025-01-01T06:41:15
86,5,192,4.3,positive,,2025-02-24T01:39:45
87,15,200,4.1,positive,,2025-01-20T08:07:26
88,7,201,5.0,positive,,2025-02-21T05:52:40
89,10,280,4.3,positive,,2025-02-25T19:21:16
90,5,170,4.3,positive,,2025-04-18T05:59:35
91,1,49,4.9,positive,,2025-04-06T02:38:24
92,7,154,4.5,positive,,2025-01-28T17:02:10
93,10,88,5.0,positive,,2025-04-11T03:26:58
94,1,67,4.1,positive,,2025-02-27T10:08:47
95,2,10,4.2,positive,,2025-04-29T10:03:29
96,13,209,4.2,positive,,2025-04-22T07:03:09
97,12,100,2.4,negative,,2025-01-24T17:20:56
98,6,84,3.5,neutral,,2025-03-06T08:30:48
99,6,84,3.4,neutral,,2025-01-26T20:33:59
100,11,283,4.6,positive,,2025-01-10T07:40:09
101,6,234,2.7,negative,,2025-03-28T10:06:01
102,11,156,4.3,positive,,2025-02-15T15:14:01
103,6,157,3.8,neutral,,2025-04-07T11:55:36
104,7,90,3.8,neutral,,2025-03-07T23:52:24
105,12,187,3.2,neutral,,2025-01-10T01:44:39
106,13,55,4.0,positive,,2025-01-17T21:10:04
107,2,167,4.8,positive,,2025-03-04T00:14:17
108,9,223,3.6,neutral,,2025-02-05T06:12:35
109,8,276,3.4,neutral,,2025-02-04T09:39:50
110,7,21,4.3,positive,,2025-02-12T22:09:48
111,2,10,4.5,positive,,2025-02-16T04:58:23
112,1,131,4.4,positive,,2025-03-11T15:52:12
113,13,260,4.9,positive,,2025-01-02T08:35:24
114,12,242,2.5,negative,,2025-01-23T20:40:30
115,14,159,3.7,neutral,,2025-01-26T11:39:07
116,3,113,4.5,positive,,2025-03-13T10:53:35
117,12,152,2.7,negative,,2025-03-12T18:31:54
118,10,93,4.9,positive,,2025-01-09T18:37:35
119,6,209,3.2,neutral,,2025-03-28T00:19:06
120,6,228,2.8,negative,,2025-04-07T07:10:47
121,10,55,3.8,neutral,,2025-02-06T13:51:12
122,13,230,3.7,neutral,,2025-04-26T00:51:01
123,13,157,4.1,positive,,2025-03-06T08:14:29
124,8,211,3.9,neutral,,2025-01-28T17:28:39
125,8,54,4.1,positive,,2025-01-18T01:00:21
126,7,1,3.8,neutral,,2025-04-17T16:49:10
127,10,272,5.0,positive,,2025-04-21T18:26:37
128,8,20,3.8,neutral,,2025-01-22T04:06:55
129,15,86,3.6,neutral,,2025-02-05T06:00:36
130,2,106,4.9,positive,,2025-02-09T02:40:25
131,7,193,4.0,positive,,2025-01-12T19:17:31
132,1,264,3.9,neutral,,2025-02-08T00:17:46
133,5,37,3.7,neutral,,2025-01-26T05:23:59
134,11,260,4.5,positive,,2025-04-23T04:35:23
135,15,117,3.5,neutral,,2025-01-02T08:46:25
136,11,254,4.2,positive,,2025-02-24T12:27:06
137,7,127,4.6,positive,,2025-04-22T02:51:17
138,10,246,4.0,positive,,2025-04-23T02:29:16
139,15,239,4.4,positive,,2025-01-21T09:57:11
140,11,169,3.9,neutral,,2025-03-18T11:55:38
141,15,113,4.8,positive,,2025-02-11T00:28:00
142,9,249,4.2,positive,,2025-04-16T01:15:26
143,15,75,3.7,neutral,,2025-04-10T16:26:58
144,6,288,3.2,neutral,,2025-04-10T10:34:02
145,7,133,3.9,neutral,,2025-02-15T14:29:23
146,10,240,4.4,positive,,2025-03-18T21:08:51
147,12,292,3.0,neutral,,2025-01-02T15:51:34
148,11,3,4.9,positive,,2025-04-02T07:35:20
149,4,299,3.7,neutral,,2025-04-29T18:49:09
150,14,153,3.8,neutral,,2025-02-23T17:28:58
151,6,130,2.4,negative,,2025-03-02T03:20:18
152,5,57,4.5,positive,,2025-01-09T09:23:45
153,8,88,3.2,neutral,,2025-03-24T17:30:19
154,3,198,5.0,positive,,2025-03-08T16:10:21
155,5,232,4.1,positive,,2025-03-10T20:49:08
156,10,56,4.1,positive,,2025-03-17T22:11:18
157,1,128,5.0,positive,,2025-03-08T04:37:40
158,10,264,4.1,positive,,2025-02-10T15:23:57
159,15,291,3.8,neutral,,2025-01-11T12:32:40
160,8,294,3.7,neutral,,2025-03-25T08:11:08
161,6,260,2.9,negative,,2025-02-13T07:06:27
162,15,255,4.1,positive,,2025-03-06T01:17:07
163,7,37,3.7,neutral,,2025-03-15T11:32:58
164,8,270,3.3,neutral,,2025-03-02T02:02:54
165,14,20,3.9,neutral,,2025-04-05T21:59:58
166,14,108,4.1,positive,,2025-01-12T00:39:24
167,8,239,3.8,neutral,,2025-04-01T10:16:50
168,7,49,4.0,positive,,2025-02-07T12:52:02
169,6,2,2.9,negative,,2025-04-06T12:33:28
170,9,274,3.5,neutral,,2025-02-12T07:32:36
171,7,102,3.9,neutral,,2025-04-08T07:03:32
172,6,145,3.1,neutral,,2025-01-03T15:37:56
173,4,175,4.3,positive,,2025-01-26T05:21:30
174,9,171,3.8,neutral,,2025-01-09T09:24:38
175,12,71,3.1,neutral,,2025-03-18T05:35:32
176,6,101,3.4,neutral,,2025-01-31T19:13:55
177,8,170,3.9,neutral,,2025-01-24T02:01:34
178,5,231,4.9,positive,,2025-01-31T06:25:51
179,5,72,4.2,positive,,2025-01-25T20:19:54
180,4,138,3.9,neutral,,2025-04-04T14:36:56
181,8,169,4.3,positive,,2025-01-07T11:33:40
182,10,125,4.6,positive,,2025-03-11T07:26:13
183,6,22,2.8,negative,,2025-01-29T21:26:31
184,1,21,4.9,positive,,2025-03-21T19:44:25
185,2,215,4.0,positive,,2025-03-02T00:49:40
186,5,185,4.3,positive,,2025-04-20T10:34:12
187,5,57,4.5,positive,,2025-02-01T02:12:04
188,2,283,3.5,neutral,,2025-04-20T11:07:06
189,4,76,4.5,positive,,2025-04-03T17:49:10
190,11,8,4.1,positive,,2025-03-23T06:14:21
191,6,53,3.8,neutral,,2025-01-30T20:51:34
192,3,77,4.6,positive,,2025-04-16T01:20:15
193,11,14,4.4,positive,,2025-03-12T19:31:17
194,7,152,4.7,positive,,2025-02-25T00:11:46
195,7,3,3.8,neutral,,2025-02-19T20:10:06
196,6,190,3.1,neutral,,2025-03-04T21:12:47
197,13,27,4.7,positive,,2025-01-25T11:31:30
198,7,109,3.9,neutral,,2025-03-06T15:06:05
199,7,276,4.6,positive,,2025-04-28T14:50:13
200,13,160,4.2,positive,,2025-02-12T00:26:19
201,4,99,3.7,neutral,,2025-04-22T22:57:24
202,12,32,2.6,negative,,2025-02-21T00:59:00
203,11,267,4.3,positive,,2025-02-04T13:16:31
204,12,126,2.9,negative,,2025-03-19T17:34:03
205,10,73,4.0,positive,,2025-03-24T08:23:50
206,15,289,4.5,positive,,2025-01-04T08:57:33
207,3,32,4.7,positive,,2025-04-20T13:31:11
208,8,192,3.8,neutral,,2025-03-07T11:16:24
209,11,20,4.5,positive,,2025-03-25T19:42:32
210,11,237,4.3,positive,,2025-01-05T14:42:56
211,15,56,3.9,neutral,,2025-02-03T12:34:36
212,1,29,3.4,neutral,,2025-02-10T05:39:06
213,10,17,4.6,positive,,2025-03-30T18:13:15
214,7,244,3.9,neutral,,2025-02-01T18:23:01
215,15,38,4.3,positive,,2025-04-18T00:55:55
216,11,100,4.5,positive,,2025-02-16T03:37:32
217,13,38,4.1,positive,,2025-04-26T18:48:49
218,3,296,4.2,positive,,2025-03-15T09:15:20
219,13,2,4.1,positive,,2025-03-07T11:20:58
220,4,13,3.8,neutral,,2025-04-04T06:45:05
221,2,22,4.7,positive,,2025-01-11T19:21:47
222,15,287,4.9,positive,,2025-01-25T10:50:43
223,15,238,4.3,positive,,2025-03-28T07:23:13
224,12,144,3.2,neutral,,2025-02-05T07:23:39
225,8,287,4.0,positive,,2025-03-04T22:39:02
226,8,278,3.6,neutral,,2025-04-14T23:22:04
227,15,281,3.9,neutral,,2025-01-29T05:06:57
228,1,205,4.5,positive,,2025-02-07T13:50:54
229,3,14,4.8,positive,,2025-01-16T08:52:01
230,3,216,5.0,positive,,2025-04-23T00:38:56
231,9,213,4.3,positive,,2025-03-23T09:05:00
232,6,258,3.3,neutral,,2025-04-23T13:05:04
233,6,252,3.7,neutral,,2025-03-21T07:03:27
234,1,291,5.0,positive,,2025-03-22T23:09:20
235,14,219,3.8,neutral,,2025-02-21T12:14:42
236,8,80,3.8,neutral,,2025-02-19T22:01:52
237,15,186,4.2,positive,,2025-03-31T12:33:52
238,4,232,3.7,neutral,,2025-04-17T19:42:32
239,8,281,3.7,neutral,,2025-04-15T03:32:18
240,5,8,3.9,neutral,,2025-03-27T17:37:36
241,1,140,4.6,positive,,2025-03-22T21:22:35
242,6,246,2.6,negative,,2025-04-01T21:31:00
243,8,223,3.9,neutral,,2025-01-17T18:42:09
244,3,264,4.4,positive,,2025-04-08T02:44:34
245,10,280,3.5,neutral,,2025-03-01T11:31:51
246,3,205,4.8,positive,,2025-04-12T10:48:21
247,1,76,4.5,positive,,2025-03-19T21:02:44
248,11,37,4.1,positive,,2025-03-15T08:00:02
249,5,175,4.4,positive,,2025-02-08T00:50:39
250,14,253,3.9,neutral,,2025-01-15T11:20:36
251,11,172,3.9,neutral,,2025-03-17T04:26:53
252,12,204,3.0,neutral,,2025-04-16T09:23:32
253,9,206,4.3,positive,,2025-03-15T09:36:09
254,5,242,4.3,positive,,2025-04-23T02:04:47
255,14,239,3.7,neutral,,2025-04-24T03:16:04
256,9,98,4.1,positive,,2025-01-24T22:12:12
257,15,135,4.4,positive,,2025-01-26T22:19:24
258,9,185,4.6,positive,,2025-02-16T06:11:48
259,6,205,3.1,neutral,,2025-01-04T11:54:46
260,2,296,3.9,neutral,,2025-04-28T06:31:08
261,2,134,4.7,positive,,2025-04-18T23:54:51
262,1,268,4.3,positive,,2025-03-27T10:30:42
263,1,1,4.6,positive,,2025-04-10T21:26:51
264,13,205,4.1,positive,,2025-04-05T08:27:10
265,14,21,4.1,positive,,2025-04-04T02:48:39
266,8,53,3.7,neutral,,2025-01-11T15:27:07
267,8,116,4.0,positive,,2025-02-13T16:16:29
268,7,281,4.0,positive,,2025-04-23T10:14:51
269,6,232,3.1,neutral,,2025-01-30T10:48:57
270,11,151,3.8,neutral,,2025-03-22T01:22:55
271,2,35,4.0,positive,,2025-01-18T18:50:38
272,1,293,4.1,positive,,2025-01-01T02:20:52
273,1,55,4.3,positive,,2025-04-07T09:12:55
274,9,186,3.9,neutral,,2025-01-06T10:50:54
275,12,77,3.2,neutral,,2025-03-09T13:52:12
276,11,148,4.6,positive,,2025-04-20T18:42:12
277,8,118,4.3,positive,,2025-02-04T02:28:21
278,1,42,5.0,positive,,2025-01-03T07:42:54
279,11,241,4.7,positive,,2025-03-12T18:34:25
280,15,243,4.9,positive,,2025-02-22T05:46:21
281,11,171,3.7,neutral,,2025-02-14T16:11:43
282,14,217,4.0,positive,,2025-03-04T09:19:30
283,10,159,5.0,positive,,2025-02-19T09:36:46
284,14,86,2.9,negative,,2025-03-09T07:02:01
285,3,133,4.1,positive,,2025-02-02T04:30:50
286,1,145,4.8,positive,,2025-01-17T04:34:54
287,7,109,4.0,positive,,2025-03-27T14:18:58
288,5,21,4.7,positive,,2025-03-13T03:29:30
289,2,123,5.0,positive,,2025-03-31T01:09:55
290,15,118,3.3,neutral,,2025-03-28T05:50:08
291,13,294,3.6,neutral,,2025-04-29T01:08:06
292,8,195,4.2,positive,,2025-04-14T14:37:52
293,2,3,4.2,positive,,2025-04-13T22:53:07
294,6,176,2.3,negative,,2025-04-07T09:24:45
295,13,155,4.8,positive,,2025-04-27T06:11:55
296,11,24,4.7,positive,,2025-03-12T12:29:43
297,9,265,3.8,neutral,,2025-04-09T20:45:50
298,2,141,4.8,positive,,2025-02-22T23:40:01
299,10,109,4.0,positive,,2025-03-07T12:26:26
300,9,206,3.7,neutral,,2025-02-03T04:31:25
301,5,228,4.2,positive,,2025-02-19T14:40:41
302,5,170,3.7,neutral,,2025-01-06T04:56:23
303,10,108,4.0,positive,,2025-02-05T11:14:41
304,5,192,4.0,positive,,2025-02-17T06:43:45
305,6,56,3.5,neutral,,2025-01-19T20:51:02
306,15,60,4.4,positive,,2025-01-18T13:53:47
307,12,266,3.9,neutral,,2025-03-14T05:23:18
308,13,37,4.0,positive,,2025-04-14T17:42:07
309,5,262,3.9,neutral,,2025-04-29T09:21:08
310,9,165,4.2,positive,,2025-04-26T19:40:42
311,4,183,4.1,positive,,2025-04-23T00:25:56
312,7,61,4.0,positive,,2025-04-08T02:32:31
313,11,233,4.5,positive,,2025-02-08T13:21:17
314,11,141,5.0,positive,,2025-04-14T06:42:33
315,1,80,4.5,positive,,2025-01-29T16:46:57
316,11,215,4.2,positive,,2025-02-21T09:34:42
317,3,254,3.9,neutral,,2025-01-27T01:40:36
318,1,172,5.0,positive,,2025-03-06T10:41:00
319,5,295,4.1,positive,,2025-04-11T09:35:19
320,14,248,3.7,neutral,,2025-04-17T10:08:55
321,14,33,4.2,positive,,2025-02-24T17:49:21
322,8,131,4.2,positive,,2025-04-29T05:26:51
323,12,198,2.6,negative,,2025-01-01T22:55:41
324,5,90,4.2,positive,,2025-04-24T09:03:10
325,4,247,4.9,positive,,2025-04-17T08:12:10
326,15,130,3.7,neutral,,2025-04-03T03:02:57
327,13,221,4.3,positive,,2025-01-16T05:56:31
328,8,94,3.8,neutral,,2025-04-07T21:40:43
329,6,177,2.5,negative,,2025-01-28T23:21:12
330,10,93,4.2,positive,,2025-03-24T07:09:34
331,8,258,4.4,positive,,2025-04-11T16:14:42
332,11,233,3.7,neutral,,2025-04-25T12:06:33
333,9,170,3.1,neutral,,2025-02-26T22:23:00
334,5,169,4.2,positive,,2025-04-10T13:27:11
335,5,36,4.8,positive,,2025-02-15T17:58:34
336,5,3,3.8,neutral,,2025-01-23T10:29:11
337,15,298,3.1,neutral,,2025-02-11T08:47:09
338,7,2,3.3,neutral,,2025-03-05T17:57:26
339,10,171,3.8,neutral,,2025-01-13T10:16:23
340,12,298,3.2,neutral,,2025-02-10T13:03:16
341,5,14,4.1,positive,,2025-01-22T12:44:16
342,3,143,4.7,positive,,2025-04-13T12:35:32
343,5,125,4.4,positive,,2025-03-23T22:20:49
344,12,179,2.6,negative,,2025-03-21T01:19:59
345,2,185,4.3,positive,,2025-03-21T12:49:31
346,9,206,3.9,neutral,,2025-01-27T10:17:11
347,12,32,3.6,neutral,,2025-04-01T08:36:48
348,1,215,5.0,positive,,2025-03-07T02:33:17
349,10,162,4.4,positive,,2025-02-15T01:30:14
350,2,194,4.3,positive,,2025-01-07T19:41:09
351,3,154,4.4,positive,,2025-02-16T20:24:40
352,4,28,3.6,neutral,,2025-02-11T09:29:23
353,14,252,3.2,neutral,,2025-01-14T02:08:01
354,9,212,4.2,positive,,2025-02-01T10:44:48
355,5,181,4.1,positive,,2025-03-23T05:44:40
356,4,33,4.8,positive,,2025-01-21T09:59:13
357,3,8,4.3,positive,,2025-04-06T10:45:18
358,9,96,3.8,neutral,,2025-04-19T06:36:26
359,15,25,3.4,neutral,,2025-03-18T17:15:57
360,7,40,4.1,positive,,2025-03-03T22:24:52
361,12,262,3.3,neutral,,2025-03-06T08:06:20
362,9,206,3.8,neutral,,2025-03-15T03:35:27
363,4,152,3.8,neutral,,2025-01-16T12:23:01
364,9,15,4.3,positive,,2025-02-02T02:06:30
365,11,91,4.7,positive,,2025-03-07T17:56:13
366,3,39,4.0,positive,,2025-02-03T06:34:33
367,15,196,3.8,neutral,,2025-03-26T00:57:12
368,10,22,3.9,neutral,,2025-03-03T09:07:38
369,14,270,4.1,positive,,2025-03-02T05:27:39
370,3,275,4.4,positive,,2025-04-08T09:09:59
371,15,273,4.4,positive,,2025-02-25T15:27:33
372,8,19,4.4,positive,,2025-03-05T18:10:07
373,3,113,4.7,positive,,2025-02-02T12:53:40
374,14,277,3.8,neutral,,2025-04-18T20:45:39
375,14,86,3.9,neutral,,2025-02-10T16:50:41
376,12,82,2.9,negative,,2025-01-04T06:09:23
377,4,268,4.6,positive,,2025-03-26T18:08:18
378,5,65,3.6,neutral,,2025-03-27T22:15:52
379,15,200,4.4,positive,,2025-01-27T10:39:48
380,7,278,3.8,neutral,,2025-03-07T14:50:26
381,3,194,4.0,positive,,2025-01-06T15:25:50
382,12,125,3.1,neutral,,2025-01-30T00:55:19
383,1,230,3.5,neutral,,2025-04-19T22:37:37
384,4,138,4.0,positive,,2025-03-26T23:30:38
385,2,94,4.2,positive,,2025-04-15T06:20:25
386,4,114,4.0,positive,,2025-02-21T15:27:44
387,11,189,3.8,neutral,,2025-04-04T06:32:25
388,4,176,3.5,neutral,,2025-03-24T13:57:41
389,3,232,4.7,positive,,2025-04-08T00:47:51
390,11,19,4.8,positive,,2025-01-11T20:40:28
391,5,183,4.1,positive,,2025-04-24T09:41:22
392,8,112,4.2,positive,,2025-01-12T19:47:39
393,3,65,4.5,positive,,2025-02-03T01:15:38
394,9,177,3.7,neutral,,2025-03-29T00:35:14
395,15,84,4.4,positive,,2025-02-19T10:23:58
396,1,79,4.2,positive,,2025-03-06T06:53:08
397,6,267,2.7,negative,,2025-04-28T05:07:30
398,12,115,3.7,neutral,,2025-04-23T09:37:25
399,13,235,3.4,neutral,,2025-01-08T12:15:01
400,5,54,4.6,positive,,2025-01-21T04:40:12
401,7,36,3.6,neutral,,2025-03-11T20:15:14
402,13,299,4.3,positive,,2025-03-23T19:31:13
403,11,236,4.4,positive,,2025-02-15T05:08:38
404,9,201,3.7,neutral,,2025-03-08T15:45:09
405,7,143,3.8,neutral,,2025-04-10T23:36:16
406,11,136,4.1,positive,,2025-03-25T17:41:51
407,8,92,3.9,neutral,,2025-01-14T16:48:04
408,12,84,2.7,negative,,2025-02-25T00:50:56
409,9,239,3.7,neutral,,2025-03-26T23:50:42
410,1,6,4.2,positive,,2025-03-24T04:26:39
411,15,135,4.4,positive,,2025-03-02T17:41:13
412,10,143,4.9,positive,,2025-02-01T00:04:08
413,7,13,4.0,positive,,2025-04-18T19:13:35
414,10,166,4.9,positive,,2025-02-10T01:33:45
415,1,25,5.0,positive,,2025-02-13T18:23:18
416,14,126,4.3,positive,,2025-04-22T19:59:04
417,9,259,4.2,positive,,2025-04-07T20:34:19
418,2,193,4.2,positive,,2025-01-28T22:04:00
419,9,282,4.1,positive,,2025-01-11T08:35:14
420,6,281,3.6,neutral,,2025-01-15T16:46:14
421,1,60,4.3,positive,,2025-03-13T01:34:06
422,14,112,3.8,neutral,,2025-02-10T03:19:12
423,8,167,3.8,neutral,,2025-03-20T09:22:45
424,8,11,4.6,positive,,2025-01-26T02:35:00
425,11,262,4.0,positive,,2025-03-31T11:31:03
426,2,164,3.8,neutral,,2025-03-15T23:27:22
427,6,189,2.7,negative,,2025-03-31T20:14:41
428,12,298,2.6,negative,,2025-02-27T10:35:54
429,6,176,3.6,neutral,,2025-04-29T18:17:16
430,10,190,4.3,positive,,2025-03-13T10:16:47
431,1,123,4.7,positive,,2025-03-17T02:15:30
432,3,289,4.3,positive,,2025-01-17T02:42:34
433,8,147,4.3,positive,,2025-01-15T10:17:39
434,9,115,4.3,positive,,2025-03-08T23:41:44
435,3,188,4.4,positive,,2025-01-28T20:20:57
436,13,32,4.0,positive,,2025-03-29T23:44:36
437,15,257,3.9,neutral,,2025-02-01T20:24:52
438,13,39,3.8,neutral,,2025-03-18T13:50:22
439,11,95,4.0,positive,,2025-01-18T23:13:38
440,5,192,5.0,positive,,2025-04-06T10:12:40
441,5,31,4.2,positive,,2025-02-09T17:04:59
442,1,70,4.1,positive,,2025-04-02T23:03:45
443,11,135,3.9,neutral,,2025-03-31T22:48:19
444,4,14,4.4,positive,,2025-04-10T14:14:40
445,12,30,3.0,neutral,,2025-02-06T14:43:11
446,14,186,3.6,neutral,,2025-02-16T23:40:23
447,3,87,4.5,positive,,2025-02-25T05:55:42
448,15,147,3.9,neutral,,2025-01-02T20:46:17
449,12,224,2.8,negative,,2025-02-15T08:25:45
450,5,12,3.8,neutral,,2025-04-22T19:46:11
451,5,46,4.9,positive,,2025-04-18T03:00:09
452,15,20,4.5,positive,,2025-03-12T05:37:55
453,12,245,3.1,neutral,,2025-04-22T00:11:40
454,6,299,3.0,neutral,,2025-04-21T07:55:30
455,1,245,4.3,positive,,2025-04-29T00:28:12
456,15,130,3.8,neutral,,2025-01-18T04:37:45
457,3,79,4.7,positive,,2025-03-05T02:13:30
458,5,209,3.7,neutral,,2025-01-02T14:02:00
459,2,59,3.7,neutral,,2025-02-09T14:27:32
460,13,155,4.0,positive,,2025-02-15T06:53:59
461,5,243,4.5,positive,,2025-01-14T07:57:59
462,4,110,3.4,neutral,,2025-04-27T16:03:17
463,13,91,4.0,positive,,2025-03-31T15:35:17
464,7,280,3.7,neutral,,2025-03-22T18:45:02
465,2,66,4.3,positive,,2025-01-23T12:28:49
466,13,60,4.5,positive,,2025-01-30T06:29:12
467,1,105,4.5,positive,,2025-04-08T13:49:24
468,2,115,3.7,neutral,,2025-01-08T15:46:24
469,2,287,4.0,positive,,2025-01-07T16:10:29
470,3,270,5.0,positive,,2025-04-27T23:06:59
471,1,36,3.9,neutral,,2025-04-23T07:31:09
472,7,212,3.9,neutral,,2025-02-28T15:30:30
473,13,294,4.0,positive,,2025-01-21T21:52:58
474,11,295,4.5,positive,,2025-04-25T14:00:54
475,1,112,4.2,positive,,2025-02-07T07:41:08
476,6,201,3.2,neutral,,2025-04-20T01:11:21
477,12,227,3.1,neutral,,2025-01-30T10:31:40
478,4,221,3.8,neutral,,2025-03-19T10:02:28
479,8,36,4.2,positive,,2025-04-05T00:46:59
480,2,6,4.3,positive,,2025-02-12T06:20:45
481,12,59,2.5,negative,,2025-04-09T06:57:31
482,13,246,4.0,positive,,2025-02-26T10:07:04
483,1,58,4.1,positive,,2025-02-16T10:38:56
484,12,106,3.7,neutral,,2025-01-31T20:28:21
485,1,140,4.5,positive,,2025-02-21T03:58:59
486,10,189,3.2,neutral,,2025-03-25T11:16:49
487,1,266,4.6,positive,,2025-04-03T04:29:30
488,13,201,4.2,positive,,2025-03-08T23:32:52
489,1,178,4.6,positive,,2025-01-30T19:20:37
490,6,236,2.8,negative,,2025-01-30T12:28:56
491,4,107,4.3,positive,,2025-01-23T20:23:27
492,7,14,4.3,positive,,2025-02-08T00:42:34
493,11,40,3.7,neutral,,2025-01-19T00:34:54
494,11,29,4.3,positive,,2025-03-03T06:08:14
495,13,16,4.7,positive,,2025-02-06T11:58:21
496,13,294,3.8,neutral,,2025-04-29T20:22:00
497,7,218,4.3,positive,,2025-03-19T11:10:58
498,14,237,3.6,neutral,,2025-01-05T09:50:09
499,1,207,4.1,positive,,2025-04-26T23:08:05
500,14,204,4.3,positive,,2025-03-19T03:08:50
501,11,71,3.7,neutral,,2025-02-18T02:55:06
502,4,237,3.5,neutral,,2025-01-12T12:11:45
503,1,163,3.7,neutral,,2025-04-12T12:57:37
504,14,5,3.8,neutral,,2025-01-06T03:09:48
505,10,141,3.5,neutral,,2025-01-10T10:17:17
506,9,216,4.0,positive,,2025-02-08T10:17:03
507,4,16,4.1,positive,,2025-03-20T21:07:34
508,6,274,3.5,neutral,,2025-04-06T07:51:12
509,5,270,4.2,positive,,2025-04-18T04:47:00
510,4,88,4.6,positive,,2025-02-17T06:21:12
511,8,296,3.6,neutral,,2025-04-06T17:01:20
512,3,73,5.0,positive,,2025-04-12T20:48:29
513,14,73,4.5,positive,,2025-03-14T14:11:31
514,9,173,3.4,neutral,,2025-02-23T06:33:10
515,6,109,2.9,negative,,2025-01-23T04:48:25
516,15,295,4.8,positive,,2025-03-23T17:12:45
517,13,160,4.5,positive,,2025-04-11T20:29:14
518,14,85,3.8,neutral,,2025-02-15T16:08:51
519,7,106,3.6,neutral,,2025-04-17T08:57:08
520,12,251,3.0,neutral,,2025-02-07T22:52:21
521,7,99,4.7,positive,,2025-01-29T05:28:26
522,4,273,3.5,neutral,,2025-01-04T07:11:51
523,1,131,4.4,positive,,2025-03-27T05:46:30
524,6,266,3.5,neutral,,2025-03-02T10:18:05
525,7,265,3.5,neutral,,2025-03-25T15:20:09
526,12,246,3.3,neutral,,2025-02-21T14:28:47
527,2,46,3.8,neutral,,2025-01-26T07:05:58
528,1,205,4.7,positive,,2025-02-14T06:29:12
529,2,87,3.8,neutral,,2025-04-22T16:06:05
530,8,247,4.0,positive,,2025-03-19T14:26:17
531,1,155,4.7,positive,,2025-01-01T22:41:59
532,9,53,4.3,positive,,2025-01-22T12:52:09
533,12,41,3.1,neutral,,2025-03-13T19:43:33
534,8,92,3.6,neutral,,2025-04-16T15:27:26
535,2,195,4.0,positive,,2025-01-14T06:57:45
536,2,213,3.6,neutral,,2025-04-15T15:59:30
537,7,16,4.4,positive,,2025-02-08T11:52:49
538,15,193,4.3,positive,,2025-01-15T18:46:56
539,2,12,4.0,positive,,2025-03-06T15:10:55
540,6,174,3.2,neutral,,2025-02-22T08:29:21
541,7,90,5.0,positive,,2025-03-19T07:55:00
542,9,127,3.8,neutral,,2025-03-15T17:52:44
543,9,119,4.0,positive,,2025-04-08T01:23:07
544,8,46,3.0,neutral,,2025-02-21T19:55:31
545,13,140,4.5,positive,,2025-03-03T02:53:31
546,5,174,4.4,positive,,2025-04-21T00:33:32
547,6,15,2.9,negative,,2025-01-02T17:19:18
548,4,4,3.4,neutral,,2025-01-17T17:52:30
549,2,71,3.9,neutral,,2025-01-30T13:14:46
550,8,77,3.7,neutral,,2025-02-12T19:49:16
551,9,137,3.6,neutral,,2025-01-25T09:50:24
552,12,51,3.4,neutral,,2025-03-28T09:56:49
553,12,272,3.2,neutral,,2025-02-15T00:03:07
554,9,189,3.8,neutral,,2025-01-11T17:58:19
555,10,231,4.1,positive,,2025-01-05T04:05:08
556,13,300,4.7,positive,,2025-02-07T14:36:29
557,5,294,4.9,positive,,2025-01-17T12:17:08
558,7,185,4.2,positive,,2025-01-07T10:28:22
559,9,133,4.2,positive,,2025-01-04T17:45:37
560,4,141,4.2,positive,,2025-04-13T11:12:51
561,11,243,4.3,positive,,2025-03-31T23:35:29
562,1,8,4.7,positive,,2025-03-23T13:12:48
563,3,170,4.8,positive,,2025-04-22T22:13:34
564,6,64,2.3,negative,,2025-03-01T04:50:53
565,13,131,4.6,positive,,2025-02-25T08:35:12
566,10,199,5.0,positive,,2025-03-25T01:26:39
567,10,44,4.3,positive,,2025-04-03T10:13:24
568,14,182,4.0,positive,,2025-03-26T11:49:16
569,3,4,4.3,positive,,2025-01-03T07:50:05
570,2,213,4.2,positive,,2025-01-13T23:28:57
571,11,157,4.6,positive,,2025-03-31T12:12:59
572,10,146,4.4,positive,,2025-03-03T22:17:40
573,10,61,4.5,positive,,2025-03-21T11:28:22
574,12,109,3.3,neutral,,2025-04-17T22:55:37
575,4,264,4.2,positive,,2025-04-28T16:20:54
576,8,47,3.5,neutral,,2025-01-09T23:13:40
577,1,285,4.5,positive,,2025-01-21T02:03:52
578,3,146,4.5,positive,,2025-03-07T14:27:09
579,8,123,3.8,neutral,,2025-01-08T22:51:35
580,14,139,3.9,neutral,,2025-04-20T23:02:57
581,5,148,4.1,positive,,2025-02-03T17:38:29
582,11,126,4.2,positive,,2025-03-02T20:27:11
583,12,278,2.9,negative,,2025-02-09T05:21:23
584,11,110,4.5,positive,,2025-04-04T20:46:32
585,3,184,4.2,positive,,2025-03-20T17:13:25
586,11,252,3.7,neutral,,2025-04-22T10:00:02
587,9,71,4.2,positive,,2025-03-22T11:58:15
588,15,167,4.3,positive,,2025-03-15T11:16:19
589,5,242,3.7,neutral,,2025-01-19T14:43:21
590,14,43,3.1,neutral,,2025-03-08T08:12:38
591,9,34,3.2,neutral,,2025-04-12T21:12:48
592,14,240,3.5,neutral,,2025-01-08T06:51:07
593,11,143,4.8,positive,,2025-01-15T04:07:53
594,15,2,3.6,neutral,,2025-04-05T16:34:22
595,12,214,2.8,negative,,2025-01-24T03:47:35
596,2,154,4.1,positive,,2025-03-19T22:19:39
597,5,42,4.3,positive,,2025-01-21T00:20:46
598,10,259,5.0,positive,,2025-02-16T19:41:19
599,1,156,4.4,positive,,2025-02-03T11:43:50
600,12,155,2.6,negative,,2025-04-06T01:06:29
601,4,265,4.7,positive,,2025-04-17T03:26:03
602,14,173,3.6,neutral,,2025-02-05T20:52:45
603,4,248,3.4,neutral,,2025-02-26T18:38:41
604,9,254,4.0,positive,,2025-03-31T00:43:25
605,1,62,4.9,positive,,2025-01-29T13:13:00
606,6,125,3.4,neutral,,2025-02-03T12:17:23
607,6,285,3.4,neutral,,2025-01-06T23:30:41
608,9,84,3.9,neutral,,2025-02-02T05:36:09
609,7,31,3.0,neutral,,2025-03-21T10:32:31
610,11,208,4.4,positive,,2025-03-21T23:45:18
611,12,185,3.5,neutral,,2025-02-09T11:17:58
612,9,111,4.1,positive,,2025-04-21T21:28:34
613,11,210,4.7,positive,,2025-03-01T16:46:08
614,7,272,4.1,positive,,2025-01-26T22:36:29
615,2,8,4.2,positive,,2025-02-06T16:23:35
616,11,242,4.3,positive,,2025-01-02T20:51:41
617,14,11,3.8,neutral,,2025-03-28T19:15:17
618,1,126,3.9,neutral,,2025-04-05T15:31:59
619,9,263,4.1,positive,,2025-03-22T22:57:51
620,15,223,3.6,neutral,,2025-04-23T15:11:06
621,4,18,4.2,positive,,2025-04-21T19:22:13
622,15,264,4.5,positive,,2025-02-15T13:12:52
623,5,223,3.8,neutral,,2025-04-06T11:31:29
624,12,156,3.0,neutral,,2025-04-16T00:25:36
625,8,91,4.5,positive,,2025-03-21T14:01:12
626,6,31,2.5,negative,,2025-04-03T04:35:51
627,13,175,4.0,positive,,2025-03-18T16:40:56
628,6,227,4.0,positive,,2025-01-26T20:54:16
629,7,142,3.7,neutral,,2025-01-18T10:33:19
630,13,262,4.3,positive,,2025-02-01T02:23:53
631,9,139,5.0,positive,,2025-04-07T18:46:03
632,8,296,4.7,positive,,2025-03-09T23:14:04
633,1,100,4.9,positive,,2025-03-01T16:16:03
634,6,68,2.6,negative,,2025-01-29T23:09:41
635,1,204,4.8,positive,,2025-04-29T17:35:35
636,4,30,5.0,positive,,2025-02-12T01:55:34
637,3,131,4.7,positive,,2025-03-09T01:16:35
638,3,191,4.2,positive,,2025-03-28T01:56:03
639,4,17,4.0,positive,,2025-03-31T14:29:47
640,13,133,4.7,positive,,2025-01-08T14:47:22
641,12,222,2.7,negative,,2025-04-10T23:47:47
642,6,76,3.4,neutral,,2025-01-29T19:59:33
643,5,189,3.7,neutral,,2025-01-24T17:21:40
644,3,176,4.6,positive,,2025-04-19T08:22:30
645,4,13,3.4,neutral,,2025-01-13T00:14:10
646,12,184,3.1,neutral,,2025-02-10T18:23:53
647,7,107,4.0,positive,,2025-02-07T16:40:35
648,3,253,3.8,neutral,,2025-03-26T08:48:09
649,4,77,4.1,positive,,2025-04-14T10:58:56
650,6,205,3.5,neutral,,2025-01-31T22:34:56
651,13,239,4.7,positive,,2025-01-28T03:34:30
652,15,113,3.9,neutral,,2025-04-07T13:33:02
653,11,297,4.5,positive,,2025-02-10T08:52:23
654,2,19,4.5,positive,,2025-02-15T06:13:13
655,13,28,4.3,positive,,2025-01-02T08:10:57
656,9,300,4.4,positive,,2025-03-02T14:55:47
657,3,18,4.3,positive,,2025-02-09T16:38:17
658,12,229,2.7,negative,,2025-01-03T03:55:07
659,5,101,4.4,positive,,2025-01-25T00:54:03
660,11,276,4.6,positive,,2025-04-10T22:23:20
661,4,43,3.6,neutral,,2025-01-25T19:58:34
662,6,250,3.1,neutral,,2025-04-17T07:11:10
663,11,113,4.6,positive,,2025-03-27T10:01:38
664,2,269,4.1,positive,,2025-03-14T04:10:31
665,13,245,4.8,positive,,2025-03-23T17:50:45
666,10,198,4.2,positive,,2025-04-15T22:13:51
667,1,198,4.9,positive,,2025-02-27T10:29:32
668,6,183,2.8,negative,,2025-03-01T15:29:03
669,5,50,4.2,positive,,2025-03-13T09:22:08
670,8,277,3.3,neutral,,2025-02-13T04:43:43
671,8,149,3.7,neutral,,2025-01-06T20:21:26
672,6,106,3.0,neutral,,2025-01-29T05:56:14
673,11,220,4.4,positive,,2025-04-12T10:32:09
674,9,186,3.8,neutral,,2025-02-09T15:32:22
675,5,285,4.3,positive,,2025-02-11T10:26:41
676,11,293,4.1,positive,,2025-01-08T09:10:05
677,4,240,3.6,neutral,,2025-04-11T13:30:11
678,14,112,3.5,neutral,,2025-02-11T00:23:19
679,2,85,4.2,positive,,2025-01-19T08:52:56
680,10,262,4.3,positive,,2025-03-14T15:34:35
681,13,177,3.7,neutral,,2025-03-12T10:47:41
682,13,42,3.9,neutral,,2025-01-06T19:07:37
683,3,223,4.3,positive,,2025-04-12T18:03:17
684,7,19,4.5,positive,,2025-03-20T07:23:08
685,11,254,3.1,neutral,,2025-03-23T01:55:45
686,8,48,4.2,positive,,2025-02-27T20:02:55
687,14,220,3.3,neutral,,2025-02-17T21:18:01
688,3,287,4.2,positive,,2025-04-24T07:39:24
689,6,1,3.2,neutral,,2025-02-14T21:03:18
690,9,172,3.8,neutral,,2025-02-05T23:05:15
691,5,87,4.6,positive,,2025-01-30T15:39:07
692,2,167,4.6,positive,,2025-03-10T10:37:39
693,10,227,4.4,positive,,2025-02-27T06:35:47
694,4,294,3.7,neutral,,2025-03-22T12:19:33
695,4,173,3.7,neutral,,2025-04-26T19:46:20
696,5,4,4.1,positive,,2025-02-09T01:01:10
697,9,147,3.7,neutral,,2025-03-22T12:54:46
698,6,223,3.1,neutral,,2025-03-13T11:00:35
699,4,252,4.1,positive,,2025-02-12T04:13:38
700,1,28,4.5,positive,,2025-01-30T01:15:57
701,12,75,3.0,neutral,,2025-04-01T19:50:22
702,4,195,3.9,neutral,,2025-03-15T00:29:16
703,4,180,3.6,neutral,,2025-03-17T19:57:44
704,11,237,3.3,neutral,,2025-02-09T18:50:46
705,12,105,2.9,negative,,2025-02-25T08:34:25
706,15,259,3.9,neutral,,2025-03-29T18:33:16
707,5,34,3.8,neutral,,2025-03-24T17:41:52
708,11,201,4.1,positive,,2025-01-01T23:42:49
709,13,6,4.4,positive,,2025-02-28T17:07:01
710,9,266,4.1,positive,,2025-03-25T15:38:00
711,7,227,4.0,positive,,2025-02-10T08:45:25
712,14,79,3.2,neutral,,2025-03-22T06:21:07
713,5,286,4.1,positive,,2025-04-21T21:08:41
714,11,102,4.9,positive,,2025-04-02T01:49:53
715,9,144,3.8,neutral,,2025-01-18T17:47:42
716,8,221,4.2,positive,,2025-01-12T07:36:09
717,13,102,4.4,positive,,2025-04-07T05:53:27
718,2,213,3.7,neutral,,2025-02-26T19:46:52
719,15,188,4.7,positive,,2025-04-19T14:11:14
720,2,8,4.0,positive,,2025-02-25T10:49:31
721,6,140,3.2,neutral,,2025-03-23T06:11:49
722,7,295,3.4,neutral,,2025-02-28T06:47:12
723,5,120,4.9,positive,,2025-04-15T18:32:26
724,8,282,3.5,neutral,,2025-01-12T01:26:59
725,12,167,3.1,neutral,,2025-01-26T09:25:22
726,9,294,3.2,neutral,,2025-01-06T19:47:03
727,11,45,4.1,positive,,2025-04-18T09:45:11
728,4,227,4.4,positive,,2025-04-16T07:23:45
729,13,227,4.7,positive,,2025-01-18T14:05:27
730,10,271,4.0,positive,,2025-04-15T19:23:53
731,9,126,4.0,positive,,2025-02-21T06:26:10
732,6,23,3.6,neutral,,2025-04-28T17:14:14
733,14,110,3.5,neutral,,2025-04-08T17:50:45
734,1,203,4.6,positive,,2025-01-31T15:08:02
735,12,24,2.9,negative,,2025-04-10T07:46:52
736,14,293,4.0,positive,,2025-04-25T21:29:15
737,14,85,3.6,neutral,,2025-02-21T12:00:14
738,15,114,3.8,neutral,,2025-02-27T21:34:26
739,13,271,4.5,positive,,2025-03-20T18:42:02
740,10,169,4.1,positive,,2025-02-04T07:58:00
741,2,183,4.3,positive,,2025-03-17T12:17:34
742,1,121,4.6,positive,,2025-04-08T22:41:33
743,8,24,4.3,positive,,2025-02-10T16:41:57
744,6,159,3.4,neutral,,2025-03-23T11:30:46
745,10,154,4.3,positive,,2025-04-25T01:30:28
746,13,31,4.6,positive,,2025-02-11T03:42:02
747,8,236,3.5,neutral,,2025-03-25T13:24:07
748,12,299,3.2,neutral,,2025-01-24T19:00:39
749,11,42,4.3,positive,,2025-02-06T04:02:49
750,3,60,4.3,positive,,2025-03-07T15:19:49
751,1,295,4.7,positive,,2025-03-20T15:43:06
752,12,161,3.0,neutral,,2025-03-10T04:28:03
753,9,36,4.2,positive,,2025-04-20T07:54:18
754,15,23,3.5,neutral,,2025-01-09T05:37:20
755,13,267,4.3,positive,,2025-04-27T22:21:07
756,4,111,3.8,neutral,,2025-02-12T01:46:43
757,6,206,3.5,neutral,,2025-01-01T05:54:58
758,2,115,4.6,positive,,2025-04-11T02:59:10
759,6,14,3.2,neutral,,2025-02-02T11:54:31
760,10,174,4.4,positive,,2025-04-04T13:54:41
761,4,16,4.0,positive,,2025-01-14T07:36:20
762,3,151,4.4,positive,,2025-03-10T16:55:27
763,14,48,2.8,negative,,2025-03-14T18:36:46
764,9,29,4.2,positive,,2025-03-16T17:08:37
765,12,152,3.6,neutral,,2025-04-28T23:33:12
766,10,297,4.0,positive,,2025-01-23T12:17:59
767,4,192,4.5,positive,,2025-01-08T00:37:13
768,15,183,3.8,neutral,,2025-03-07T06:04:25
769,2,114,3.7,neutral,,2025-04-22T22:09:51
770,7,273,3.8,neutral,,2025-03-27T01:19:52
771,2,253,3.5,neutral,,2025-01-15T21:55:39
772,8,4,3.9,neutral,,2025-04-15T03:11:23
773,1,76,4.1,positive,,2025-04-27T00:17:54
774,14,105,3.4,neutral,,2025-02-01T15:20:15
775,13,286,4.7,positive,,2025-03-13T00:00:26
776,1,252,3.5,neutral,,2025-01-20T16:37:10
777,10,113,4.2,positive,,2025-02-10T07:11:11
778,14,72,3.9,neutral,,2025-01-15T09:55:01
779,13,84,4.4,positive,,2025-01-27T04:04:10
780,1,289,4.9,positive,,2025-02-21T11:51:30
781,1,110,3.9,neutral,,2025-04-03T19:38:37
782,14,38,3.0,neutral,,2025-04-02T11:52:46
783,8,198,3.6,neutral,,2025-01-31T00:01:11
784,12,230,3.4,neutral,,2025-02-19T11:51:27
785,9,35,4.4,positive,,2025-02-05T04:58:48
786,15,213,4.1,positive,,2025-01-26T11:56:26
787,12,31,3.3,neutral,,2025-03-17T09:44:51
788,10,190,4.5,positive,,2025-01-15T06:13:05
789,7,87,3.9,neutral,,2025-01-22T09:25:02
790,2,284,4.7,positive,,2025-03-25T19:30:09
791,1,42,4.5,positive,,2025-01-24T13:56:45
792,11,68,4.2,positive,,2025-02-14T15:58:54
793,14,114,3.5,neutral,,2025-02-07T23:52:28
794,1,94,3.7,neutral,,2025-03-05T00:29:40
795,6,254,2.6,negative,,2025-04-23T18:46:00
796,12,70,2.7,negative,,2025-01-12T13:36:18
797,7,146,4.2,positive,,2025-03-08T04:26:47
798,10,221,4.1,positive,,2025-04-18T18:21:16
799,11,54,4.1,positive,,2025-01-04T21:58:13
800,15,299,3.5,neutral,,2025-03-17T03:05:56
